{
    "video":[
    {
        "thumbnail":"https://i.ytimg.com/vi/Yv11P3wYNyQ/hqdefault.jpg?sqp=-oaymwEcCOADEI4CSFXyq4qpAw4IARUAAIhCGAFwAcABBg==&rs=AOn4CLDg_7-qFgmM9475WHYRXpXgRckIZw",
        "title":"profile",
        "channelname":"coder",
        "view":10
    },
    {
        "thumbnail":"https://i.ytimg.com/vi/2amPYDhA2Xs/hq720.jpg?sqp=-oaymwEcCNAFEJQDSFXyq4qpAw4IARUAAIhCGAFwAcABBg==&rs=AOn4CLARNyol4AbcD-35GUSqJIQs2hEc_g",
        "title":"3 idiots",
        "channelname":"ashish vines",
        "view":20
    },
    {
        "thumbnail":"https://i.ytimg.com/vi/SJkWOTK2dBk/hq720.jpg?sqp=-oaymwEcCNAFEJQDSFXyq4qpAw4IARUAAIhCGAFwAcABBg==&rs=AOn4CLD09lA1Hwy7EOv4VqNrVR-nQMLGCw",
        "title":"Achiever",
        "channelname":"placement",
        "view":30
    },
    {
        "thumbnail":"https://i.ytimg.com/vi/6wmXsIPDH5I/hq720.jpg?sqp=-oaymwEcCNAFEJQDSFXyq4qpAw4IARUAAIhCGAFwAcABBg==&rs=AOn4CLCKCHn3mCQOs6TIJVUHn3AD9xrLBQ",
        "title":"the real life of coder",
        "channelname":"programmer",
        "view":40
    },
    {
        "thumbnail":"https://i.ytimg.com/vi/0UhkOecQFFA/hq720.jpg?sqp=-oaymwEcCNAFEJQDSFXyq4qpAw4IARUAAIhCGAFwAcABBg==&rs=AOn4CLCkEqfEreOofPbZYrXLfIbaDBi2Uw",
        "title":"Airavatha ",
        "channelname":"200 journeys",
        "view":50
    },
    {
        "thumbnail":"https://i.ytimg.com/vi/yxGsg_n_j0Y/hq720.jpg?sqp=-oaymwEcCNAFEJQDSFXyq4qpAw4IARUAAIhCGAFwAcABBg==&rs=AOn4CLBXpmV19eTpsbcAHic13RQVA-KQnw",
        "title":"king kohli motivation speech",
        "channelname":"RCB",
        "view":60
    },
    {
        "thumbnail":"https://i.ytimg.com/vi/1GZsbFG7LAs/hq720.jpg?sqp=-oaymwEcCNAFEJQDSFXyq4qpAw4IARUAAIhCGAFwAcABBg==&rs=AOn4CLBG1EwZvOtvPzOYXnW5fAsmZm_mtg",
        "title":"Ghost Theme",
        "channelname":"T-Series",
        "view":70
    },
    {
        "thumbnail":"https://i.ytimg.com/vi/G9O-XX-FN2E/hq720.jpg?sqp=-oaymwEcCNAFEJQDSFXyq4qpAw4IARUAAIhCGAFwAcABBg==&rs=AOn4CLAEVQIgiEchLRKckvFznY9gCRh4Mw",
        "title":"Happy Birthday",
        "channelname":"APPU FC",
        "view":80
    },
    {
        "thumbnail":"https://i.ytimg.com/vi/xuXW_yz_v38/hq720.jpg?sqp=-oaymwEcCNAFEJQDSFXyq4qpAw4IARUAAIhCGAFwAcABBg==&rs=AOn4CLBXSerY8COFn0Ka6IT-TJ_aHCEELQ",
        "title":"KANNADA LOFI",
        "channelname":"",
        "view":90
    },
    {
        "thumbnail":"https://i.ytimg.com/vi/ibdmlv_kItU/hq720.jpg?sqp=-oaymwEcCNAFEJQDSFXyq4qpAw4IARUAAIhCGAFwAcABBg==&rs=AOn4CLCpo5kV6CEGYH4DmU6cHWNE9BMbZQ",
        "title":"",
        "channelname":"",
        "view":100
    },
    {
        "thumbnail":"https://i.ytimg.com/vi/otjAJ6UkPmA/hq720.jpg?sqp=-oaymwEcCNAFEJQDSFXyq4qpAw4IARUAAIhCGAFwAcABBg==&rs=AOn4CLBSLvS5jifFJa_afOR3tiL7DdF7HA",
        "title":"",
        "channelname":"",
        "view":11
    },
    {
        "thumbnail":"https://i.ytimg.com/vi/0NrBN_84BqY/hq720.jpg?sqp=-oaymwEcCNAFEJQDSFXyq4qpAw4IARUAAIhCGAFwAcABBg==&rs=AOn4CLAIW9wKAi0jlVQy8lUiNQXrjwrnbw",
        "title":"",
        "channelname":"",
        "view":12
    },
    {
        "thumbnail":"https://i.ytimg.com/vi/-0OGEgvhvDk/hq720.jpg?sqp=-oaymwEcCNAFEJQDSFXyq4qpAw4IARUAAIhCGAFwAcABBg==&rs=AOn4CLD3sx-iV6J0Sitzn_xKJxWbqudbJg",
        "title":"",
        "channelname":"",
        "view":13
    },
    {
        "thumbnail":"https://i.ytimg.com/vi/juKev44fRiw/hq720.jpg?sqp=-oaymwEcCNAFEJQDSFXyq4qpAw4IARUAAIhCGAFwAcABBg==&rs=AOn4CLDxHuPLkiDUiJENLwXYkdUrFHaAlA",
        "title":"",
        "channelname":"",
        "view":14
    },
    {
        "thumbnail":"https://i.ytimg.com/vi/f3L4Uhhuyds/hq720.jpg?sqp=-oaymwEcCNAFEJQDSFXyq4qpAw4IARUAAIhCGAFwAcABBg==&rs=AOn4CLAHDrU0T1A0oOoxCtzucUawhLnOoQ",
        "title":"",
        "channelname":"",
        "view":15
    },
    {
        "thumbnail":"https://i.ytimg.com/vi/mZg0wHhn4f8/hq720.jpg?sqp=-oaymwEcCNAFEJQDSFXyq4qpAw4IARUAAIhCGAFwAcABBg==&rs=AOn4CLB7Ytec2E1vK22yTxxaeiu1bCzgdA",
        "title":"",
        "channelname":"",
        "view":16
    }
]}